{
  "train_loss": [
    5.94940378849323,
    5.7657179049956495,
    5.761972649892171
  ],
  "val_loss": [
    5.817174662243236,
    5.779102845625444,
    5.767730940471996
  ]
}