{
  "train_loss": [
    5.674199493114765,
    5.02822610659477,
    4.759712625161195,
    4.614498925820375,
    4.510046560336382,
    4.429870400061974,
    4.367187397296612,
    4.304478207612649,
    4.2529304406581785,
    4.200527169811192
  ],
  "val_loss": [
    5.225148439407349,
    4.833302584561435,
    4.676924206993797,
    4.547699386423284,
    4.472302653572776,
    4.415979515422475,
    4.36799972707575,
    4.323892203244296,
    4.280341690236872
  ],
  "diff_loss": [
    5.84564560132149,
    5.70754313591199,
    5.6362392890147675,
    5.597231150896121,
    5.555093268859081,
    5.525495008321909,
    5.508557454133645,
    5.483798723954421,
    5.476906637045054,
    5.451340219867763
  ],
  "ar_loss": [
    5.502753394689315,
    4.348909039375109,
    3.883185994319427,
    3.6317666824047383,
    3.4649998371417707,
    3.3342457905793803,
    3.225817330678304,
    3.125157694938855,
    3.028954256497897,
    2.949714084169758
  ]
}