{
  "train_loss": [
    5.674199493114765,
    5.02822610659477,
    4.759712625161195,
    4.614498925820375,
    4.510046560336382,
    4.430158820176989
  ],
  "val_loss": [
    5.225148439407349,
    4.833302584561435,
    4.676924206993797,
    4.547699386423284,
    4.472302653572776
  ],
  "diff_loss": [
    5.84564560132149,
    5.70754313591199,
    5.6362392890147675,
    5.597231150896121,
    5.555093268859081,
    5.52501121333226
  ],
  "ar_loss": [
    5.502753394689315,
    4.348909039375109,
    3.883185994319427,
    3.6317666824047383,
    3.4649998371417707,
    3.3353064282570477
  ]
}